Site,Latitude,Longitude,RowcropPrp,CRPPrp,Native,RowcropTE,CRPTE,SHDI,StreamsDist,StreamDensity,LoamyTablePct2k,DaysActive3yr,LagObs,Richness3yr
0,37.246548,-99.982531,0.000215085,0,0.926799541,300,0,1.237462395,42.819387,117.9555,0,83,1,4
1,38.827767,-100.128149,0.534093353,0.035419804,0.214096222,51390,9960,1.780274063,261.012375,120.1854,0.406559,81,9,5
2,39.24175852,-101.9865093,0.584395132,0,0.127773801,75360,0,1.484183014,125.718536,45.58339,0.88629,81,0,4
3,37.143371,-101.250943,0.529344321,0.242422071,0.005732753,45990,21150,1.468228168,7860.64503,0,0,69,2,3
4,38.533094,-99.598849,0.38472023,0.129985653,0.214849354,39060,16980,1.716190949,138.812699,96.00305,0,68,0,4
5,37.60678836,-101.7915906,0.287504475,0.206731113,0.064804869,46410,14610,1.955479903,429.047226,14.40831,0.389664,69,0,2
6,39.41637,-99.827903,0.239317465,0.003226269,0.474404932,47700,1140,1.896233161,61.566827,117.5724,0,69,4,4
7,37.517404,-101.432824,0.26991404,0.051719198,0.313467049,47970,5880,1.961332509,34.87321,23.96427,0.338902,81,0,3
8,38.231773,-100.160874,0.162627277,0.000430231,0.623476265,18660,360,1.728808092,490.976915,132.8953,0,69,6,2
9,37.97791387,-101.4913813,0.135057677,0.271261732,0.286093,11460,19530,1.823664942,933.408174,53.49857,0.590658,68,6,3
10,39.5443,-100.534789,0.634975263,0.006739801,0.127267512,68220,3120,1.486035914,85.343792,87.37106,0.912439,55,26,4
11,39.566284,-101.724663,0.586211839,0.08162534,0.174716927,44940,7260,1.570620049,620.298355,35.28973,0.584682,83,38,5
12,39.511034,-100.794968,0.783512545,0.00078853,0.115268817,49140,720,1.186346892,40.116648,66.19003,0.874972,54,0,4
13,39.950759,-101.429848,0.1259583,0.000716486,0.722648133,20310,540,1.490726256,334.995074,82.57984,0.247747,67,14,3
14,37.242911,-101.553354,0.03095221,0.014401376,0.482983449,23520,2700,1.980680533,349.923337,13.39865,0,70,0,2
15,37.257087,-100.8529,0.54938758,0.001933959,0.256571879,62220,840,1.587479257,311.177176,47.54504,0.52753,68,15,2
16,39.05640514,-101.2764625,0.768944277,0,0.034737144,55800,0,1.164597211,360.15537,65.70908,0.943034,65,25,3
17,38.80136,-99.853248,0.104353439,0.151473858,0.434268091,24900,14070,1.994767857,28.590039,133.7064,0,82,0,4
18,39.079719,-99.59757,0.105908504,0.020507672,0.724006884,24210,5820,1.728644105,719.607557,62.00347,0,82,3,5
19,38.387785,-99.758128,0.314015206,0.13778511,0.116339119,63090,23850,1.806901386,133.145632,124.0809,0,40,0,3
20,37.192628,-101.090414,0.483008317,0.079079438,0.057929452,49650,6540,1.702589377,8833.903818,1.383478,0,82,23,2
21,38.63650937,-100.4254373,0.361362007,0.075197133,0.289032258,45300,7800,1.955792539,748.316309,71.75621,0.36818,69,9,3
22,37.653096,-100.045671,0.656339644,0.034638554,0.030694205,65760,6360,1.395346542,40.238545,92.80376,0,68,2,3
23,39.614828,-100.254302,0.476576512,0.000717412,0.247722218,60030,480,1.644395609,741.615515,96.81098,0,80,24,5
24,37.228684,-99.993262,0.000286923,0,0.91385123,360,0,1.222408614,436.836659,109.5216,0,82,12,2
25,39.032916,-100.379413,0.550967742,0,0.293691756,67020,0,1.575594188,943.457907,97.79801,0.100975,68,2,4
26,38.22471,-100.187629,0.427731996,0.084772483,0.226012182,40920,16680,1.794750368,553.960171,132.1931,0.000456,80,3,1
27,37.824826,-101.122216,0.291499427,0.432196101,0.17660553,38400,27150,1.680503461,11762.83662,0,0,77,1,3
28,38.94323833,-101.1834801,0.451282419,0.067774753,0.382146439,41190,10020,1.699208599,514.986571,62.41592,0.591538,83,0,3
29,37.397783,-100.257668,0.406409062,0.14696394,0.07620618,72360,21780,1.968945737,504.543747,88.91795,0,80,6,4
30,37.77572622,-101.7799429,0.25198825,0.3280791,0.119653221,20310,18960,1.852747981,334.543732,45.31243,0.230028,59,0,3
31,39.708471,-100.702703,0.549136263,0,0.270016486,80070,0,1.627238883,164.761548,111.4318,0.279839,68,13,4
32,38.66825961,-100.1567665,0.356640849,0.325301205,0.161574871,45690,29100,1.813967169,49.003936,109.2843,0.004977,83,0,3
33,39.747186,-101.049089,0.233443234,0,0.624784977,33900,0,1.669576872,537.378955,88.38049,0.491881,80,4,2
34,38.07411223,-101.6594212,0.397706915,0.315872447,0.16008599,29100,25530,1.680149717,176.460835,55.7797,0.386207,53,21,4
35,39.267177,-100.92608,0.397706093,0.027455197,0.283512544,50460,2910,1.716509978,5.302043,57.33809,0.544051,55,11,3
36,38.900818,-100.255602,0.301620304,0.004946946,0.491826791,71940,1680,1.821317248,21.333788,118.2719,0.288163,80,1,4
37,39.498138,-101.362093,0.66468524,0,0.066031655,61410,0,1.30070835,1804.272962,25.63119,0.993861,81,0,2
38,39.335018,-100.191264,0.074738201,0.016855544,0.812293789,21000,3540,1.579967928,72.971592,106.242,0.157457,80,6,1
39,39.313992,-99.903568,0.126327116,0.050071736,0.65882353,24780,19080,1.796139894,248.315501,115.4811,0,77,0,3
40,37.793828,-100.784019,0.638207885,0,0.009318996,72240,0,1.292437393,9331.796488,0,0.444045,82,18,4
41,37.42304,-101.030709,0.276452468,0.347374454,0.136542732,32520,18600,1.884471667,846.292776,39.92589,0.403533,60,5,2
42,39.874711,-101.733841,0.271366144,0.0000716,0.540726413,42270,120,1.810372589,50.547872,70.08839,0.158945,78,2,3
43,37.497434,-101.13601,0.327193234,0.224985665,0.21925172,33060,25260,1.89716396,881.818605,35.25167,0.227644,62,0,2
44,39.407201,-100.077437,0.373664204,0.082191781,0.374166248,53070,15000,1.83893145,134.87998,111.9475,0,80,24,4
45,37.525751,-99.884237,0.258032129,0.174196787,0.287507172,34140,19170,2.022863238,7.152555,101.8184,0,69,2,3
46,38.84367026,-101.7291597,0.164410058,0,0.714592736,39660,0,1.643958182,817.1932,79.04839,0.379466,82,4,5
47,37.022599,-99.943493,0.003729203,0.026462995,0.917455536,1800,3780,1.154940361,280.155564,31.95167,0,68,4,4
48,39.799847,-100.170995,0.499282846,0,0.263267355,57420,0,1.580049743,248.276643,99.07606,0,81,23,4
49,39.220013,-100.7497,0.73564619,0.003655652,0.032685829,60630,1740,1.219560398,569.602209,76.9845,0.962814,67,13,3
50,39.827263,-101.175315,0.376836523,0,0.456174299,50580,0,1.657541753,215.032506,88.13817,0.570349,82,6,3
51,38.973706,-100.494642,0.362066495,0.105904271,0.329177415,58500,6780,1.86220725,124.401237,103.1679,0.642259,69,0,3
52,37.633473,-100.963964,0.63650043,0.003081112,0.000358269,72630,1260,1.291672657,2045.178334,10.21383,0.975453,69,2,3
53,39.01803069,-101.0078207,0.810127489,0.020555794,0.098768085,46200,2220,1.146821007,270.150442,55.48687,0.984679,81,0,4
54,38.72557026,-100.0400305,0.125125484,0.136741718,0.407285243,33180,15540,1.885805602,22.938989,112.6313,0,61,0,2
55,37.311819,-99.850935,0.0000717,0,0.796572494,120,0,1.442369139,4.025364,114.236,0,47,0,3
56,39.438434,-101.688696,0.317878896,0.089645288,0.442422071,46980,14880,1.82155992,270.431839,55.80932,0.21475,81,9,4
57,39.288701,-99.731945,0.087115509,0.109485911,0.579479458,15900,30180,1.860899966,463.764004,118.2357,0,78,6,3
58,37.051187,-101.72248,0.120002866,0.037684482,0.574939103,34320,5640,1.710344905,1311.543521,8.060976,0,81,3,2
59,39.828421,-100.870611,0.08200129,0.024442692,0.667263996,25110,5520,1.741341028,668.068292,91.15959,0.413667,81,8,3
60,38.93523326,-101.23592,0.509243336,0.020994554,0.17053597,38520,2640,1.66114403,288.034892,73.20393,0.789489,84,0,3
61,37.89949838,-101.8347076,0.295272206,0.303151862,0.246489971,20970,12540,1.882809088,465.937698,40.46983,0.411781,80,3,3
62,39.015888,-100.238484,0.452380952,0.035355709,0.188324727,82740,12420,1.900365554,576.046589,99.69196,0.031072,82,4,3
63,38.87037694,-101.4819693,0.00379765,0,0.974276297,2700,0,1.169114727,73.444063,63.35874,0.458874,72,28,4
64,38.266897,-99.588488,0.219115222,0.20140532,0.414999641,32280,19950,1.678558489,187.511469,76.01546,0,75,30,2
65,38.04461379,-101.7313756,0.382548893,0.291568164,0.25001791,21720,17460,1.622807119,723.340091,92.75279,0.378672,53,3,4
66,39.787767,-100.568317,0.363981654,0.002938226,0.458936506,57510,1080,1.745850057,139.462497,101.5792,0,77,5,3
67,37.438879,-99.567093,0.073872194,0.0348562,0.696765402,21300,6390,1.505148311,18.45482,65.01426,0,83,0,4
68,37.360144,-102.018298,0.388224339,0.249552324,0.034094979,38130,22140,1.642049833,47.104651,23.83817,0.376799,72,4,3
69,37.639091,-100.355516,0.556989247,0.118494624,0.018136201,61470,18270,1.612009207,48.493066,43.04572,0.152295,72,2,4
70,38.97667231,-101.2950524,0.342982016,0.105180196,0.513505768,24720,6120,1.684372744,773.15087,69.74307,0.41253,77,0,5
71,39.437345,-100.622352,0.750268875,0,0.125259912,57960,0,1.253715641,988.836303,59.36594,0.891287,71,22,5
72,37.99004364,-101.8609723,0.246026063,0.000358012,0.462050694,25740,420,1.8706102,480.984011,54.54852,0,53,1,3
73,39.726246,-99.778953,0.17163965,0.081050065,0.277004733,37680,12840,1.903157617,157.534095,97.92995,0,77,11,4
74,37.315689,-101.03683,0.139573188,0.01553996,0.109853897,24030,2040,1.591688158,43.861454,75.53273,0,77,0,3
75,39.770242,-100.371933,0.589648003,0,0.301526991,60900,0,1.496570853,445.123625,95.39566,0,67,0,5
76,38.29377433,-101.0626107,0.419717704,0.045568532,0.206634664,36270,5280,1.623970352,2520.391836,28.07475,1,65,0,1
77,39.132562,-100.193577,0.385067776,0.01247938,0.282794234,66060,3120,1.897932895,220.773276,106.6124,0.070049,53,7,3
78,38.62536339,-100.2797172,0.194422539,0.281597247,0.365832676,26220,27510,1.879778335,508.395726,97.25347,0.601016,70,0,1
79,37.373614,-100.537877,0.883335724,0.005664707,0.000286815,72450,2820,0.913880379,1364.309017,15.93043,0,65,1,4
80,38.27384254,-101.5679988,0.369277065,0.07666404,0.077237229,53010,9060,1.654697599,12.648317,14.15138,0.888958,83,0,1
81,39.322456,-101.858092,0.369736465,0.15489831,0.270767689,56310,23280,1.826281711,249.725975,49.74115,0.498415,81,18,2
82,38.755797,-99.764675,0.014559277,0.00996916,0.624184178,13260,1980,1.742175456,131.201023,110.3529,0,67,1,3
83,38.90916772,-101.66744,0.198295007,0.299591661,0.319292213,24270,17100,1.918102091,901.462794,94.48325,0.649347,55,0,1
84,37.616865,-100.774772,0.650447868,0.054747402,0.009029022,71550,5220,1.35295094,3001.576863,26.50411,0.931011,69,13,2
85,39.581359,-99.919894,0.003155705,0.036290612,0.821487485,3360,4380,1.533878006,326.337531,120.0266,0,53,6,4
86,38.32138743,-101.1685901,0.208614017,0.257488892,0.306650422,23520,15600,1.858144872,788.915483,35.04662,0.647906,27,0,0
87,39.494667,-99.993687,0.439968461,0.167084797,0.123575371,67080,37740,1.870363735,132.60935,119.7237,0,79,0,5
88,37.243209,-101.616666,0.151647564,0.129083095,0.244340941,56910,13500,2.152955855,30.188331,28.06989,0.069854,69,4,3
89,39.03285761,-101.5661729,0.128026938,0.151740937,0.654033529,14700,10260,1.732115086,116.956095,84.0397,0.262785,54,5,2
90,38.170199,-99.876013,0.092062809,0.321717932,0.415716642,23940,28620,1.92417427,99.20443,105.8808,0,83,13,4
91,37.166953,-100.445051,0.113755286,0.117984374,0.408429503,23520,17460,2.194634565,187.059322,129.6519,0,81,5,2
92,37.434716,-100.107979,0.106146453,0.494083052,0.083626192,22020,25200,1.68798946,2949.607439,38.12427,0,71,5,4
93,37.88279468,-101.6528967,0.134417072,0.008808364,0.806860499,14430,1620,1.258718633,415.229265,54.70894,0.089692,80,4,1
94,39.773043,-100.006121,0.113111462,0,0.525534357,47430,0,1.983976761,104.892623,79.86729,0,41,0,2
95,39.633478,-101.937817,0.074426934,0.012464183,0.832879656,23220,1920,1.508367248,148.243472,75.49654,0.157479,81,6,5
96,37.69471332,-102.0284684,0.175935867,0.30692148,0.123255315,39600,19020,1.920922631,179.805302,18.26737,0.890952,82,2,3
97,39.717398,-102.03299,0.207715983,0.017679479,0.576050391,40560,4620,1.793047147,1208.790424,43.14466,0.36997,82,14,3
98,37.9720974,-101.9448549,0.086585977,0,0.871016257,10920,0,1.311053731,1993.687785,44.98193,0,53,0,1
99,38.098345,-100.185879,0.18766583,0.366654715,0.198422373,26640,24420,1.856899286,127.351961,92.39713,0.428799,80,0,2
100,39.828336,-100.313914,0.514949451,0,0.182619918,66390,0,1.603655147,57.559002,102.5176,0,54,0,4
101,38.24477873,-101.6346697,0.576752186,0.197219435,0.002364914,50250,10860,1.382212009,689.794526,20.51735,0.767134,62,0,2
102,39.330367,-101.204032,0.858514908,0.017130161,0.000645069,56160,11040,0.979107598,254.431135,67.8636,0.712607,80,25,6
103,38.40759837,-100.1881834,0.185448029,0.124229391,0.479283154,21120,9600,1.902416375,457.756052,117.1283,0,69,9,4
104,37.998294,-100.648607,0.440180749,0.271912208,0.0050208,38610,10050,1.510533727,1253.790867,14.90948,0.94727,80,0,2
105,39.90792,-100.2603,0.543121371,0.000860277,0.358448635,72660,720,1.509158631,174.586503,111.7029,0,67,0,5
106,39.024578,-99.807084,0.507744156,0.049046322,0.114298006,50220,10140,1.663505272,237.045665,111.1062,0,81,4,4
107,38.35148135,-100.3987857,0.480461748,0.082885208,0.110561411,39930,8160,1.678577511,2.784136,70.03103,0.394906,67,0,2
108,37.328507,-101.777789,0.234505983,0.188579208,0.083040768,49260,17790,1.827126464,933.30134,36.58526,0.26446,79,30,3
109,37.91412721,-101.7977489,0.216812258,0.191464986,0.547687241,10110,6420,1.719925586,1129.22968,41.90339,0.131879,63,0,4
110,37.32177,-100.2865,0.315242329,0.271938629,0.112059076,52080,19020,1.96229115,4.192369,93.37819,0,55,0,2
111,39.513154,-100.659993,0.39779164,0.023302502,0.151502116,44760,7920,1.662946618,515.625742,87.44161,0.853859,41,9,2
112,37.134199,-101.890603,0.136923518,0.051131481,0.486107133,29970,3240,1.994561471,301.599243,45.07813,0.062654,82,25,3
113,38.79272729,-101.3722849,0.088473386,0.002435705,0.702270936,25260,1080,1.564908719,1.652982,72.33444,0.43677,77,0,3
114,38.81502693,-100.6796122,0.251451509,0.327646764,0.377033904,26010,24000,1.699162362,2038.842039,85.03288,0.151581,78,0,4
115,38.5980342,-100.7302441,0.646308244,0.008100358,0.126379944,49530,3840,1.395766954,4.598641,24.54749,0.895982,80,0,2
116,37.121122,-100.783233,0.070890976,0.139703247,0.025016148,23700,17160,1.57198361,122.709449,47.3345,0,65,7,2
117,37.577531,-100.183029,0.293223378,0.034994622,0.169021155,37200,10560,1.727153342,7.36318,102.7167,0,67,0,3
118,38.26296744,-101.46411,0.528788313,0.073474649,0.016112862,51030,9480,1.454106043,4209.764883,13.36038,0.869565,65,2,3
119,37.183793,-100.772759,0.070342751,0.052057938,0.409866628,9480,9600,1.934708743,2824.152118,45.87313,0,68,1,1
120,38.84686678,-101.236641,0.396115531,0.050240092,0.345660431,48000,3720,1.744837953,4.259304,84.21486,0.679047,81,15,5
121,38.45396159,-100.4506367,0.494269341,0.068839542,0.265759312,56610,12840,1.735373963,124.033157,49.96083,0.531639,67,0,3
122,37.235129,-101.294527,0.23608624,0.217821073,0.200916811,62340,21960,1.922007734,7789.59823,0.309298,0,68,6,3
123,37.882172,-100.081948,0.27283809,0.083966729,0.433816149,37080,10560,1.884703425,50.876525,91.41418,0,61,0,2
124,37.132536,-100.57123,0.50304725,0.125905213,0.181042519,72330,15900,1.78482262,984.680509,33.53653,0,54,2,2
125,37.398328,-100.750071,0.343967309,0.395082085,0.002795899,53610,14580,1.456255288,432.040049,5.419921,0.972769,64,7,1
126,37.123008,-101.048203,0.669435692,0.150315096,0.007662561,74640,10200,1.396774089,13825.2498,0,0,75,6,4
127,38.61797758,-101.6878385,0.582963175,0.044132397,0.089840952,60570,7140,1.542000933,234.186197,36.27447,0.863176,74,39,4
128,37.58199,-101.39077,0.393798339,0.039816671,0.122171285,71160,6660,1.849012467,1726.670531,23.0639,0.740493,54,2,4
129,38.350028,-101.4619102,0.475760831,0.191908342,0.009380587,54780,13620,1.556368712,1507.923863,12.7934,0.827951,82,0,2
130,39.467975,-101.200499,0.897557132,0.004298302,0.045705279,52200,2460,0.910842449,35.441977,46.28563,0.965627,44,0,3
131,38.60419436,-101.8647745,0.574958814,0,0.038679178,64350,0,1.377861903,1091.410686,32.73145,0.985452,42,0,2
132,38.88154413,-101.3706723,0.001218027,0,0.969907525,1560,0,1.05037452,776.59156,64.53126,0.376151,74,1,2
133,39.814185,-100.971816,0.018340736,0,0.893752687,5700,0,1.378211073,483.128451,92.26254,0.179019,55,21,2
134,37.429988,-99.762395,0.146619779,0,0.531577437,32670,0,1.768716653,348.183657,111.3462,0,79,27,2
135,39.00279974,-101.9803646,0.525136064,0.012317388,0.092165569,51660,2460,1.447352396,1209.90943,79.0034,0.808999,82,1,4
136,37.584122,-100.474934,0.531081953,0,0.020936402,64170,0,1.414169181,1550.044943,52.41562,0.249855,80,0,4
137,39.931521,-101.68272,0.120137546,0,0.689590945,28650,0,1.748942461,190.871921,70.50584,0.037308,73,1,2
138,39.590237,-101.488027,0.421867163,0.214730959,0.298344917,31020,24360,1.702312876,425.262863,70.41062,0.456192,81,0,3
139,37.966961,-99.959,0.354986735,0.322865132,0.032623503,41850,16110,1.577705663,958.024363,88.20453,0,62,30,4
140,38.040497,-99.776491,0.102393236,0.119733448,0.647750118,12510,17940,1.79299299,33.556317,114.9954,0,69,12,4
141,38.30330592,-101.2719282,0.222230185,0.194352874,0.154865988,32280,13860,1.917162337,446.559749,33.7443,0.817233,77,0,3
142,39.36652,-100.236387,0.103089827,0.054914331,0.632948598,32160,8880,1.569335016,203.288267,103.9651,0.323609,81,0,1
143,37.357601,-100.879479,0.60547631,0.225646907,0.002007025,52800,17940,1.372899255,5870.283287,6.115713,0.98241,70,0,2
144,39.379927,-100.925993,0.849132368,0,0.072350494,52710,0,1.046298129,415.827098,55.94806,0.840401,68,0,5
145,37.431247,-99.643789,0.108664467,0,0.760722995,26070,0,1.238897081,463.194433,117.1297,0,77,3,4
146,37.276909,-99.554009,0.270706346,0.128863392,0.400645393,49140,16620,1.911317479,17.614894,68.21923,0,55,3,4
147,38.29322007,-101.3905319,0.501611863,0.108030661,0.107099362,37800,9480,1.583881689,1554.711606,16.36031,0.912166,67,0,1
148,38.96506858,-101.8324353,0.448836377,0.021124239,0.447977085,34830,4740,1.630780538,299.197279,78.75851,0.514886,69,1,5
149,38.6435821,-100.8066088,0.649584289,0.061854931,0.005232225,43710,6690,1.246607297,2130.94571,30.78967,0.980776,83,0,4
150,39.817218,-99.646176,0.439710207,0.091815508,0.316333118,53670,10380,1.648387994,440.337103,60.44599,0,81,0,3
151,39.06176,-100.812482,0.510028653,0,0.243839541,55770,0,1.575785207,382.036311,77.65533,0.776266,81,23,5
152,38.45747138,-101.2555578,0.445789172,0.228086508,0.084431395,35760,10770,1.638838765,769.070461,25.69003,0.494167,59,0,2
153,38.55365251,-100.450148,0.442150538,0.044874552,0.300860215,54780,5220,1.767925233,103.571121,42.56735,0.643485,73,9,4
154,39.13388077,-101.8926325,0.498138336,0.11105542,0.134684233,73320,21210,1.68873083,5.449633,77.43914,0.774121,67,1,3
155,37.79577,-100.497561,0.622356062,0.044955904,0.033914103,110490,12600,1.476985171,4342.847243,19.53763,0,68,0,2
156,38.292052,-99.892876,0.205506955,0.378172953,0.264663702,44340,31800,1.836382395,528.536262,129.8619,0,81,4,4
157,37.888787,-100.440423,0.710054504,0.048623064,0.004804934,48900,3420,1.33871777,167.409839,21.28204,0.270917,73,0,4
158,38.74122169,-101.9096565,0.372036387,0.093403051,0.175703746,56700,5280,1.776511191,292.755277,40.26002,0.841607,76,5,3
159,39.914747,-101.056841,0.396028958,0.00258046,0.397964303,50850,1860,1.707653755,123.061284,84.94947,0.67717,83,1,4
160,38.06545434,-101.4871115,0.355116079,0.228360562,0.049082832,35160,12660,1.721993161,5275.315124,9.025584,0.986605,67,0,1
161,39.842724,-100.351028,0.481537248,0,0.354986736,52110,0,1.616250958,43.736028,103.6467,0,81,0,4
162,38.67782725,-100.9154667,0.101233152,0.009965586,0.638227708,12720,2820,1.901370959,184.716573,63.0437,0.318323,78,0,3
163,37.183912,-100.454344,0.084187881,0.029401219,0.697741126,11400,10920,1.737464097,82.424354,115.9824,0,68,9,4
164,37.723022,-99.678501,0.492646531,0,0.106392137,84720,0,1.540176793,396.260976,83.16627,0,63,0,3
165,37.380343,-100.612021,0.786840596,0,0.000358397,71310,0,1.033664573,967.685665,9.00728,0,54,36,2
166,38.51322884,-101.3040188,0.587653259,0.10152721,0.022083602,52140,4980,1.432065887,1585.777062,14.73639,0.962273,64,0,2
167,39.068699,-100.351358,0.628862284,0.006165317,0.101369273,75900,2340,1.406575457,87.976108,83.74881,0.643853,81,5,3
168,38.50974928,-101.1554118,0.670154067,0.002579721,0.006664278,48210,1140,1.153926712,2940.939788,21.85937,0.991424,69,5,3
169,37.618426,-99.818419,0.414592152,0.108257407,0.171820073,41850,16020,1.945939654,311.664276,97.92862,0,82,2,4
170,37.216688,-101.270095,0.270245091,0.380392719,0.108499355,38280,28860,1.76683901,7535.568659,0.309298,0,58,0,1
171,37.282985,-100.406119,0.25740515,0.049056874,0.512802123,34860,7170,1.867078863,370.742837,121.3241,0,68,2,3
172,38.11913402,-101.2857345,0.593879891,0.009172997,0.00229325,58500,1860,1.21399133,1337.17594,57.73028,0.973944,69,13,4
173,39.0903328,-101.0959233,0.744766275,0,0.089905363,51030,0,1.274196841,202.631041,57.26683,0.941896,69,0,3
174,37.024932,-101.471806,0.588904796,0.275447387,0.01166786,69930,18840,1.43309351,15808.37788,0,0,68,1,3
175,39.677403,-100.291108,0.313078413,0.00990028,0.423631537,63240,3570,1.869123934,552.428095,94.11942,0,68,1,5
176,38.85427499,-100.9672997,0.06874552,0.027240143,0.755842294,15480,4440,1.706748226,280.779608,77.75507,0.520158,60,3,5
177,37.523677,-100.291772,0.466848255,0.137552864,0.108451007,36930,18180,1.731243749,198.362224,108.1355,0.343361,75,0,3
178,38.09805729,-100.8550596,0.407455197,0.162437276,0.221433691,45600,14730,1.864811933,3497.936483,14.0583,0.052957,65,18,4
179,37.88311,-101.46271,0.018270402,0,0.73124597,9900,0,1.649605943,1358.203877,55.87501,0,27,7,1
180,37.483455,-101.825552,0.463697551,0.326793642,0.023772018,36540,16260,1.520820278,1810.970808,27.64598,0.680021,70,0,4
181,39.5911,-99.646775,0.241641555,0.022815325,0.522456547,38490,6060,1.835077943,196.067008,99.31454,0,80,0,2
182,39.14016059,-102.0250914,0.296370535,0.339680722,0.174099792,48390,28980,1.766795323,151.240541,48.40332,0.429706,78,2,2
183,37.134611,-100.20917,0.224150294,0.124193317,0.474688083,35940,16920,1.889450401,288.62384,140.9304,0,53,0,2
184,38.904813,-99.9089,0.269539653,0.108561595,0.29470816,40200,15360,1.908805992,407.120849,126.4608,0,54,0,3
185,39.437346,-101.885583,0.60752149,0.184598854,0.099212034,47880,15540,1.501913873,82.25219,52.11361,0.695928,82,0,3
186,38.77718327,-100.5341863,0.174994623,0.183382321,0.490070972,14820,24540,1.886702812,8.761437,94.13806,0.291353,73,0,3
187,37.110115,-101.855233,0.00594343,0,0.345506624,6600,0,1.349582285,892.815604,33.25718,0,82,19,2
188,38.26156373,-102.0234101,0.479117415,0.175442367,0.018697615,39690,26160,1.51750678,3844.399071,8.847705,0.884765,69,0,2
189,39.247969,-101.615213,0.429062522,0.201747475,0.052495882,77040,10680,1.609548256,54.079392,40.69719,0.683317,41,0,1
190,37.339926,-100.13833,0.122750412,0.248297125,0.337276834,17160,15900,1.896509884,242.711504,84.14289,0,69,1,4
191,38.81522338,-101.0116709,0.087788448,0.177225168,0.55783288,10980,17580,1.841082971,1362.008107,71.99767,0.411018,83,22,5
192,38.57345992,-101.1012217,0.346473624,0,0.514406537,34560,0,1.683253397,288.238355,22.24615,0.644358,78,0,2
193,38.00579138,-101.0117818,0.708981435,0.006666189,0.038706902,99030,1680,1.348570251,149.060467,50.25975,0.468626,56,18,3
194,37.420836,-101.975209,0.225762566,0.264427896,0.324287553,26640,18510,1.920865942,601.423896,29.99353,0.476416,71,1,2
195,39.309178,-101.279094,0.704335364,0,0.06929416,39720,0,1.238329475,763.31753,67.14245,0.850244,81,39,5
196,39.189316,-100.064598,0.297762478,0.03894148,0.364242685,49920,7140,1.97971807,38.941678,115.0365,0,79,0,3
197,37.354428,-99.880042,0.127940333,0,0.373350529,30540,0,1.898741043,69.354806,103.8068,0,68,0,3
198,37.230118,-101.334315,0.079931242,0.163300387,0.244520842,28470,22620,1.964052776,6362.667375,0.309298,0,67,0,3
199,39.92728,-102.020868,0.079467354,0.00873425,0.842210767,8550,3660,1.280695361,394.81677,74.24532,0.235525,82,9,2
200,38.475585,-99.812294,0.250394491,0.529407546,0.111461771,28770,35520,1.561554021,41.71077,152.2612,0,69,0,3
201,37.997373,-99.776774,0.286677183,0.137315359,0.342033559,38340,19200,1.934742306,324.186362,115.7571,0,70,2,4
202,37.7539,-99.768831,0.448637016,0.028335725,0.213199426,57360,5700,1.727755044,58.961659,68.99403,0,65,0,2
203,39.290878,-100.473304,0.137666619,0.028522288,0.720223591,36840,5040,1.727458801,42.350371,98.95683,0.285793,81,8,4
204,38.53902859,-101.5900939,0.530612245,0.136627282,0.135553168,64980,12300,1.644182009,662.851341,36.52802,0.854162,79,2,2
205,39.786307,-102.043563,0.687795445,0,0.045337344,45450,0,1.262142883,1679.859131,23.36566,0.890014,82,1,3
206,39.237139,-101.357536,0.704154728,0,0.131661891,54870,0,1.324931149,888.397731,60.79339,0.820257,82,10,2
207,39.585362,-99.684218,0.149483797,0.007886435,0.560797247,29640,3540,1.796779438,75.510674,125.0635,0,80,2,4
208,38.32169929,-100.4461434,0.228182144,0.066475439,0.498960191,29700,6720,1.864796823,365.596059,51.09247,0.398398,79,1,1
209,37.968483,-99.839234,0.317917832,0.125690113,0.390048039,43380,17400,1.816624263,303.337765,105.2653,0,54,1,3
210,39.382682,-100.085147,0.310367078,0.055205047,0.433467164,47250,12540,1.909716897,490.842041,108.5764,0,53,14,2
211,38.974297,-100.353513,0.425939203,0.133710926,0.216016634,47400,18480,1.870350608,192.784847,116.1272,0.58106,80,24,4
212,39.04890012,-101.8126877,0.494197708,0,0.458166189,25140,0,1.451586113,498.536205,89.11366,0.743165,76,0,4
213,38.04618634,-101.2059325,0.394714224,0.24903309,0.188010314,30210,16950,1.764054669,34.427658,63.47442,0.523208,82,0,2
214,37.566743,-101.260478,0.440518848,0.347498925,0.026157374,34740,29700,1.56350656,3514.152101,24.86198,0.452098,69,3,2
215,37.95212,-100.888173,0.07778893,0,0.501577287,41520,0,1.841773152,596.547476,35.49644,0,69,2,2
216,38.58113619,-101.9995016,0.374722521,0.121661296,0.043465807,71340,10980,1.519563019,895.682527,25.36098,0.68719,65,0,2
217,37.874428,-99.794762,0.507205851,0.105972611,0.112927511,53310,12900,1.610399789,44.164018,83.96032,0,70,24,2
218,37.222206,-101.466885,0.252238058,0.503903173,0.051994557,43080,35640,1.652189908,5877.348771,5.338241,0,62,0,1
219,37.637675,-101.32591,0.51504298,0.010744986,0.059813753,71400,1980,1.567415106,1205.626854,9.162395,0.278838,81,6,3
220,39.687827,-101.261791,0.24743746,0,0.641602753,29580,0,1.62883864,165.985817,79.25027,0.457626,81,10,5
221,39.018736,-100.66555,0.38025948,0,0.542326715,36960,0,1.585319293,653.802788,95.15394,0.563979,81,22,6
222,37.78559,-99.769976,0.412249874,0.000215162,0.045183964,62370,360,1.726239148,405.140165,67.80504,0,47,3,4
223,39.937208,-101.669088,0.128967543,0.004513864,0.644479472,33480,2760,1.820548762,811.769009,72.32499,0.057521,69,11,4
224,38.26329614,-101.1825302,0.611743645,0.12273541,0.00035803,54000,9780,1.326423862,1549.820376,40.62185,0.992356,75,0,3
225,37.847622,-99.712274,0.534825335,0.001578079,0.011979055,53640,1500,1.34710577,614.803404,80.43613,0,81,28,3
226,39.611398,-100.824777,0.304388355,0.005808117,0.520722788,51900,1440,1.788124736,171.190071,92.06395,0.35791,54,1,2
227,39.473972,-99.615258,0.172547332,0.195496271,0.391853126,27960,24000,1.773669537,402.683839,77.09407,0,68,0,3
228,37.33775,-101.70157,0.36217765,0.216762178,0.000214866,55560,22380,1.50752729,2167.398791,30.39413,0.514563,41,3,2
229,38.78404534,-100.286947,0.188280017,0.033711089,0.595323483,42750,5340,1.885127885,188.171872,111.3613,0.375462,82,7,3
230,39.266017,-99.807338,0.27752672,0.109246109,0.414676135,37320,19440,1.900755407,66.146765,115.9437,0,77,4,4
231,39.741127,-101.861963,0.062092673,0.095394972,0.592422833,26430,17520,1.957618492,101.636565,98.27887,0.011427,78,2,2
232,39.929574,-100.596147,0.164505266,0,0.792577201,27690,0,1.441494707,456.447897,98.13909,0,68,5,3
233,39.659097,-100.722607,0.1350925,0,0.779291553,25740,0,1.53254155,342.426079,99.58145,0.071959,46,8,2
234,38.5656243,-100.9616399,0.312473118,0.025304659,0.464229391,58920,4260,1.814039274,77.938577,35.97184,0.504216,80,13,4
235,37.653302,-99.590374,0,0,0.976407315,0,0,1.244249141,2485.658778,33.40942,0,60,0,3
236,39.076591,-100.710539,0.588100358,0.024587814,0.170824373,58200,6390,1.53996717,350.157049,76.47656,0.827809,81,8,3
237,38.07798,-100.500944,0.428714859,0.299555364,0.00659782,40170,26820,1.544480064,468.95361,72.83921,0.772745,72,0,1
238,37.144164,-99.972767,0.151104418,0.148952955,0.618115318,13860,11820,1.735865514,264.055271,81.75775,0,82,4,3
239,38.79285729,-101.8127772,0.501683019,0.22022488,0.17997565,43200,36300,1.631828171,603.849134,59.63996,0.603676,81,18,4
240,38.879527,-99.798614,0.351258335,0.071843407,0.304581631,58380,17760,1.892717882,53.317718,133.7888,0,82,7,3
241,37.529109,-100.943755,0.742795699,0.009892473,0.001577061,72090,1920,1.126008636,8963.403852,0,0.96143,81,9,4
242,39.807569,-101.334909,0.535048739,0,0.177608945,51510,0,1.511935396,266.496685,47.78663,0.85401,82,0,4
243,39.082201,-100.45942,0.570342751,0.060088914,0.193675606,68460,10380,1.577301863,34.347658,80.1716,0.446907,81,12,4
244,38.39602837,-100.8160021,0.448211598,0.284209017,0.137552864,41190,17160,1.637893505,5662.495198,8.044353,0.694822,41,0,1
245,38.9893704,-101.0976977,0.161398982,0.057622017,0.70207124,23190,8490,1.646320577,102.55522,62.58554,0.500446,82,37,4
246,39.0131409,-101.8324365,0.099978515,0.056291628,0.780992623,12840,3780,1.596560842,278.446099,86.81154,0.288661,82,6,4
247,37.621883,-101.269921,0.408784752,0.411937518,0.005445686,36960,27630,1.486739463,3622.824407,3.446028,0.001035,68,0,2
248,39.79807,-100.230439,0.428458781,0,0.344516129,62370,0,1.693557091,125.042054,110.4159,0,81,3,4
249,38.46067233,-99.94658594,0.364953036,0.140030114,0.277407328,54690,24420,1.903410423,70.040122,140.7405,0,67,2,3
250,37.906459,-100.903883,0.285847433,0,0.496056782,34350,0,1.74753912,5717.704827,7.983481,0,69,0,2
251,39.863397,-99.963814,0.505414127,0.016995339,0.253567587,71940,5580,1.661725365,181.865332,75.12952,0,54,1,2
252,38.065804,-100.561814,0.343319954,0.072032683,0.095470183,59340,5640,1.887324667,58.031156,80.08371,0.735102,84,0,3
253,37.70920958,-101.7604755,0.522339968,0.211084061,0.02556208,42120,9720,1.584088671,2663.599969,34.75874,0.993088,83,0,2
254,38.187902,-100.331271,0.02560241,0.048121056,0.682228916,13080,7020,1.745594618,69.46381,125.4325,0.158702,69,1,3
255,37.7402739,-101.6939462,0.294850677,0.326577383,0.099978514,40680,18960,1.840388088,292.156236,43.77379,0.108221,81,42,4
256,38.59281744,-101.1927051,0.27218002,0.041708471,0.516196073,29490,10260,1.811049481,320.115918,22.1492,0.357356,80,4,2
257,37.814239,-99.923059,0.488998782,0.013402136,0.229126353,53460,1860,1.788667198,52.573266,82.96747,0,81,14,3
258,38.02570321,-101.9989289,0.237273573,0,0.222381328,75750,0,2.09862918,490.757773,45.15418,0,55,0,3
259,39.219391,-99.873518,0.428622669,0.075681492,0.206025825,44670,8940,1.823395707,352.790163,123.0137,0,80,0,4
260,38.4479236,-100.0863858,0.321999857,0.101212252,0.283480351,56310,11520,1.949529658,291.664933,137.3938,0,68,0,4
261,38.388806,-99.857645,0.288724823,0,0.564260626,34980,0,1.772396175,61.848145,126.9801,0,81,0,4
262,37.94923597,-101.4132021,0.315830946,0.256017192,0.112750717,35220,18360,1.794020186,739.96372,58.86459,0.678039,68,0,1
263,39.18746191,-101.7713227,0.141762178,0,0.63230659,22680,0,1.74902271,509.232177,73.00491,0.091325,68,0,2
264,39.839979,-100.486814,0.341910974,0.003010537,0.289871694,58410,1440,1.93024473,417.359659,95.59088,0,68,6,3
265,39.625054,-100.039283,0.445448029,0.011827957,0.365304659,67470,2340,1.751051835,14.936762,125.8738,0,80,7,3
266,38.65711114,-100.220693,0.483396687,0.089005236,0.159363121,36660,10290,1.722687776,71.102348,101.408,0,81,6,3
267,39.388411,-101.241482,0.464439346,0.034341841,0.292228276,60480,5640,1.697315253,174.215284,56.86884,0.45972,54,20,4
268,38.510033,-99.603912,0.230190032,0.110648978,0.396916458,38640,19140,1.739003303,193.951829,92.56203,0,82,4,3
269,38.91654337,-100.7227292,0.167096774,0.096487455,0.470824373,27480,7200,1.766414208,199.83622,107.744,0.734231,40,0,2
270,37.95451549,-101.7326764,0.239782406,0.014243791,0.433326176,54930,5790,2.059773162,481.041263,72.54192,0,53,8,4
271,38.51067252,-99.9248747,0.246755109,0.246468268,0.22466834,38400,28740,1.94545591,98.601008,145.5095,0,68,26,3
272,39.334026,-101.074257,0.847692087,0,0.001863532,63420,0,0.9957901,570.247759,67.31023,0.885727,63,0,4
273,39.597003,-100.589705,0.453685116,0.084528248,0.321336393,60900,5940,1.79377535,595.486788,96.029,0.312272,66,0,4
274,38.804456,-99.774256,0.177710843,0.04632817,0.396156053,40350,14640,2.010738141,665.205385,119.3074,0,82,9,3
275,38.32184731,-101.1139177,0.434704702,0.139406537,0.259819381,42780,10140,1.730998604,191.498702,34.45558,0.551985,69,16,3
276,38.1908544,-101.4035068,0.367285499,0.12493728,0.090029389,42360,11280,1.754926373,1065.296067,25.13611,0.738002,80,0,3
277,38.96039816,-101.5426226,0.582223177,0.047987394,0.043403524,46920,6900,1.383655106,232.358445,67.1861,0.741823,65,0,3
278,37.89164653,-101.1854711,0.678200444,0.040905509,0.112114048,59880,3240,1.435468463,3461.96031,27.75586,0,65,0,2
279,38.823292,-100.080286,0.363323536,0.034267689,0.416087175,44100,7380,1.838572875,737.604541,117.9926,0.357606,78,1,4
280,37.83684563,-101.4138402,0.003439627,0,0.849301326,4920,0,1.441176603,1387.531222,43.9837,0,54,0,1
281,38.86267149,-100.3362982,0.321336392,0.329652997,0.19386292,34650,27120,1.794693633,155.241916,108.1073,0.833141,70,1,4
282,39.086094,-99.965097,0.349404506,0.035442675,0.529415985,32700,5280,1.685359087,340.466656,134.1295,0,70,3,4
283,39.560908,-101.974525,0.436582396,0.05622001,0.231898589,53190,14160,1.719082547,479.268521,49.88263,0.595367,82,27,5
284,39.23297,-100.243695,0.522238164,0.07733142,0.261836442,49440,9450,1.543051785,461.51966,94.49454,0.838484,80,0,4
285,39.00912622,-101.216489,0.266456558,0.003653033,0.400114605,37620,2040,1.73696562,630.413718,61.60883,0.654391,48,4,5
286,37.7728854,-101.5700768,0.433319009,0.151697465,0.165735568,36900,14940,1.728361121,297.022572,37.35876,0.615747,67,8,3
287,37.0078,-101.485978,0.515440281,0.340259368,0.020204915,59460,27420,1.489015323,14800.44922,0,0,68,0,2
288,38.91724694,-101.1298143,0.557864565,0.034897886,0.190039413,42210,13800,1.602060496,120.916562,92.14124,0.733779,79,1,5
289,37.801651,-100.239382,0.234463479,0.00387069,0.486918521,49590,1440,1.899275869,291.973266,66.93682,0,69,4,3
290,38.8398557,-100.7813652,0.187213303,0.1484375,0.545441514,20790,14520,1.850073555,148.719889,95.43951,0.324463,68,0,4
291,38.02463352,-101.9265813,0.169947741,0.084830697,0.263726837,56970,10680,2.151072398,71.09137,63.04119,0.021111,81,0,4
292,37.72270282,-101.7797735,0.633252184,0.066089073,0.016110554,42480,5760,1.370503293,2331.438839,39.408,0.924042,66,3,5
293,38.97116728,-101.2216876,0.682890115,0.001433589,0.143358899,35100,720,1.326357063,1162.989563,64.49377,0.896489,82,5,5
295,39.224779,-100.381713,0.458378146,0.034344303,0.242417724,52500,3900,1.708829847,123.262948,93.31931,0.822628,80,26,5
296,37.095433,-100.54691,0.315600803,0.124175509,0.356180098,61350,8160,1.923432955,1718.777117,76.68797,0,73,0,1
297,37.174138,-101.633509,0.21239255,0.151934097,0.277793697,27060,20520,2.010897308,3540.547332,16.95037,0,83,6,2
298,37.062629,-101.889098,0.067086704,0.269277583,0.317963772,10260,21900,1.768613753,255.193323,30.43461,0,55,0,1
299,37.73649241,-101.4909002,0.530634181,0.083195987,0.046578287,54120,15060,1.51564514,549.696296,36.48314,0.928418,67,6,3
300,39.610744,-100.201925,0.26667623,0.091163391,0.470520729,43680,28920,1.880917685,44.522916,93.28038,0,76,1,3
301,39.01268036,-101.6281029,0.125975793,0.224235479,0.605314044,15960,13500,1.689571287,509.489697,91.56334,0.521656,82,0,1
302,38.43655469,-101.9464828,0.557090701,0,0.001932851,47580,0,1.165340546,1800.270752,17.26333,0.894681,28,5,3
303,37.171939,-99.885936,0.247723525,0.172223417,0.518749552,19920,12630,1.726238448,470.765168,104.7121,0,67,7,4
304,38.38480341,-100.7591649,0.6640625,0.048236812,0.020355505,58950,3300,1.280822335,3452.624981,25.44945,0.496444,83,66,5
305,38.041783,-99.833272,0.057140809,0,0.798394035,9900,0,1.616871596,148.584642,104.9282,0,84,18,3
306,39.164085,-101.242622,0.585984523,0,0.270564632,56040,0,1.50781961,88.482418,62.94891,0.720714,68,7,4
307,39.812645,-100.64665,0.498424069,0,0.30952722,55320,0,1.642811238,90.63841,100.9263,0,82,1,3
308,39.429949,-100.367828,0.756652083,0,0.04597289,61170,0,1.178848472,462.98032,88.20066,0.939662,79,5,5
309,39.386341,-100.288804,0.091684588,0.05390681,0.771899641,26010,10980,1.225487704,612.734093,97.57098,0.405133,81,14,2
310,39.858427,-100.113843,0.817027686,0.007244298,0.070362933,64200,4020,1.127887913,17.419444,90.9566,0,81,3,3
311,39.928671,-100.178763,0.74008463,0.02237682,0.169977766,55260,10080,1.270021506,200.658586,112.0188,0,83,0,4
312,37.72353,-101.3089,0.719813687,0.010103905,0.008599068,77070,1920,1.258250725,6179.347638,3.362071,0.493821,82,1,3
313,38.65483074,-100.9324816,0.293210983,0,0.45135852,33270,0,1.79210488,273.563559,54.40032,0.651203,83,2,4
314,39.857145,-100.339364,0.369629151,0,0.551395166,47130,0,1.549484119,369.214534,107.4748,0,63,4,5
315,39.893592,-100.79655,0.264903984,0.015262253,0.524004013,65880,2460,1.834276233,172.209168,95.02366,0.1591,81,5,3
316,38.84329052,-100.9099073,0.454943007,0.103950104,0.302889095,39510,16980,1.784408404,152.994749,83.39524,0.554906,82,0,4
317,38.644507,-99.651029,0.066700136,0.468048483,0.305673077,11280,51810,1.700393183,218.739486,117.6157,0,69,4,2
318,38.11783232,-101.9391617,0.122413917,0.615863698,0.201660821,25440,20340,1.478451397,851.82947,88.16463,0.130938,66,0,2
319,39.809155,-99.961584,0.274741824,0.001219162,0.350473322,50760,600,1.977502712,1389.336468,73.13958,0,68,9,1
320,38.87130035,-102.0120364,0.67771494,0.09062925,0.044383993,58530,6420,1.403810237,1545.36628,46.72514,0.622265,81,0,3
321,37.01244,-101.017494,0.331684942,0.05991543,0.008456963,52920,8160,1.752739318,9902.471614,0,0.07771,75,0,1
322,37.30019,-101.651111,0.541347462,0.130665139,0.083196106,72540,8220,1.687337074,24.245895,28.96051,0.321882,66,4,4
323,37.534961,-101.968399,0.030511388,0.099770806,0.591892279,12720,13200,1.825747324,185.106941,26.19279,0.290159,79,3,4
324,37.016188,-100.245644,0.056499606,0.106546211,0.763103176,8340,11340,1.700377868,1953.495311,43.30418,0,54,8,3
325,39.191388,-101.093837,0.84399197,0,0,61710,0,0.93149409,1586.161634,51.28549,0.989187,84,17,5
326,37.81504621,-101.8878078,0.419036024,0.31504691,0.032657739,54300,30180,1.680903925,16.652732,43.12932,0.415404,70,9,4
327,37.750856,-100.161404,0.507853403,0.009395396,0.257118267,56100,1920,1.734755795,872.202381,88.22263,0,77,8,4
328,38.10323708,-101.711129,0.387910042,0.283483742,0.154132645,38850,26730,1.746725822,198.834801,53.22596,0.238785,53,2,2
329,39.471446,-102.049231,0.864508737,0,0.000429676,60630,0,0.925480745,3073.258854,16.80113,0.895731,82,10,5
330,39.749677,-101.448155,0.741547278,0,0.000931232,52440,0,1.065889066,1664.722827,36.16989,0.99527,69,25,6
331,38.951448,-99.648589,0.422075593,0,0.273542279,69060,0,1.772285657,42.575188,125.8073,0,81,1,2
332,38.74442984,-101.2840516,0.520031534,0.201677059,0.098760123,30960,14340,1.601447752,780.954564,65.74816,0.914815,65,0,1
333,37.0095,-99.699383,0.187204131,0,0.738990102,37260,0,1.159596769,543.717297,51.62386,0,56,3,4
334,37.261916,-101.244361,0.565317091,0.099247582,0.016624866,76560,10140,1.611230418,11268.33906,0,0,82,0,1
335,37.084564,-100.285122,0.000286738,0,0.942150538,420,0,1.226840783,154.949796,102.1434,0,65,0,2
336,38.2353727,-100.7569744,0.511399484,0.071766562,0.133710926,44280,6660,1.57063791,3739.885387,12.81166,0.89101,69,10,4
337,39.396482,-99.63999,0.222572781,0.242219991,0.218772408,49080,34980,2.043017448,104.061153,96.25801,0,80,8,4
338,38.37881583,-101.5854091,0.424468161,0.054437361,0.00716281,65490,5400,1.381760875,1378.029017,4.28021,0.838804,67,0,2
340,39.71783,-101.162552,0.165579528,0,0.693642033,39840,0,1.647580166,141.529715,86.30341,0.099558,64,5,3
341,38.263619,-99.830991,0.471815835,0.025387263,0.397088338,52770,11280,1.668314223,12.293505,134.3145,0,81,1,3
342,38.983031,-100.055892,0.497705435,0.039509537,0.211888714,72780,9540,1.769503361,9.783809,110.954,0,75,0,5
343,39.236223,-101.224881,0.645743766,0.003009458,0.222771568,68400,2280,1.431358615,383.535743,72.12662,0.693919,54,10,6
344,37.504779,-101.54265,0.319796591,0.368213723,0.038461539,40920,30000,1.669279975,2.345914,24.10291,0.763316,41,4,2
345,37.071578,-100.832655,0.410592704,0.159463915,0.006306888,82530,16260,1.819524805,5620.310044,13.10683,0,75,21,4
346,39.985602,-101.374285,0.152931059,0,0.74946252,19380,0,1.479482474,117.383754,71.96952,0.268781,83,7,4
347,37.65874344,-101.7147181,0.384268214,0.230962103,0.06368651,42420,16500,1.836637595,598.236522,18.07363,0.661642,70,9,3
348,38.213534,-99.666766,0.459800617,0.027612422,0.275550456,61560,8220,1.767666811,413.618747,138.8107,0,83,6,4
349,38.85203136,-101.5972663,0.107424394,0.009387989,0.808370359,11850,2910,1.461931405,259.99497,70.60248,0.257658,82,3,3
350,37.670694,-100.540807,0.635248547,0.07373933,0.100997059,81840,14100,1.535581345,1121.045291,4.521057,0.08163,82,0,2
351,39.786064,-101.578873,0.667574541,0.056694381,0.078196674,48930,6600,1.408417484,8.824,18.13997,0.795866,82,3,2
352,39.665946,-99.759298,0.344644523,0.037592367,0.347585909,68100,12840,1.918322523,295.155712,117.8143,0,80,0,4
353,38.55364071,-101.1592812,0.713415071,0.000717,0.034846204,53910,420,1.188125366,2384.40303,21.78309,0.974988,74,5,4
354,39.176654,-100.678351,0.42344086,0,0.343512545,63480,0,1.726634638,407.444917,74.38709,0.614376,58,0,3
355,37.262669,-100.230504,0.434021801,0.3982358,0.058663224,48120,17880,1.53581121,477.134503,97.29026,0,80,0,4
356,39.775743,-101.95603,0.128787336,0.109805888,0.516152138,21960,21840,1.85809238,663.889948,72.13605,0.354259,81,5,2
357,38.52057556,-101.7153353,0.409995704,0.063439782,0.360375196,64320,6960,1.764809148,360.620503,38.56834,0.731311,60,16,4
358,39.510188,-101.086332,0.861831733,0.01755769,0.004228178,54870,7560,0.980956362,431.863892,58.77961,0.938189,67,8,3
359,37.932893,-100.257657,0.384709173,0.387004232,0.00745894,23340,15930,1.508719175,375.311104,72.53629,0.133938,81,8,4
360,38.930383,-100.971607,0.321722927,0.14075826,0.380204974,26100,16200,1.80711011,40.461065,67.51305,0.710839,80,0,4
361,38.887761,-100.981888,0.125609406,0,0.775021508,12240,0,1.544227,688.758439,79.08942,0.566688,82,0,1
362,38.88783,-100.909092,0.400258046,0.176403125,0.213748139,36810,27930,1.793574738,1009.064892,82.64684,0.645196,76,2,4
363,38.901893,-101.018456,0.370306678,0.117727142,0.399254801,35190,13260,1.802445872,159.887542,83.26706,0.681422,75,34,4
364,38.861591,-101.019568,0.002437975,0.160189302,0.713251111,2880,12240,1.651524211,522.942,78.4365,0.060425,78,6,3
365,38.807934,-100.965136,0.056976994,0.261592489,0.527413459,9600,18000,1.815697234,242.134627,77.56441,0.258163,78,0,0
366,38.56605,-101.032936,0.241942415,0.005228477,0.43439333,54300,1620,1.841051016,469.853643,26.78921,0.640919,82,11,4
367,38.597478,-101.04529,0.586594982,0.00344086,0.08,68220,960,1.433562651,374.419996,26.01901,0.896359,76,33,4
368,38.582874,-101.018202,0.300982008,0,0.375671995,59250,0,1.784685163,758.174503,32.69424,0.797387,74,12,4
369,38.895921,-101.209172,0.105364945,0.018623308,0.736050426,16560,3300,1.674312103,652.978489,80.58204,0.09579,53,3,3
370,38.903562,-101.257895,0.060690742,0.055388363,0.749713385,20040,5580,1.690664564,200.095578,72.13142,0.117262,74,0,2
371,38.799011,-100.854963,0.145663082,0.001146953,0.692688172,9120,660,1.623986619,127.410563,92.23814,0.226281,79,11,5
372,38.822467,-100.81813,0.032960734,0.185726569,0.530166236,5520,12330,1.883565115,489.43726,91.14384,0.393278,54,14,3
373,38.79025,-100.822422,0.103957557,0,0.833596214,6540,0,1.388425155,290.777172,89.93366,0.091327,71,15,3
374,38.772868,-100.861881,0.003369417,0.01304753,0.853752957,3480,2700,1.421977624,198.285754,85.03072,0.098341,81,2,4
375,38.758198,-100.819594,0.305569493,0.017489786,0.487061859,38220,2520,1.790720177,203.611944,88.80147,0.393611,77,0,4
376,38.743298,-100.855385,0.087990828,0.048366294,0.718830611,15240,6900,1.682917239,441.582758,79.40469,0.135067,81,10,4
377,38.729206,-100.810751,0.398165401,0.119535617,0.368854809,40260,13980,1.758574634,656.544866,84.75652,0.336601,71,0,2
378,38.729988,-100.868592,0.002292099,0.025571234,0.829095337,1860,4260,1.39647406,53.254566,76.05428,0.108006,69,0,3
379,38.683374,-101.567251,0.571745827,0.009814457,0.317716169,42570,1800,1.517648467,377.096462,33.16821,0.617031,66,10,5
380,38.699369,-101.632767,0.46525788,0.006232092,0.320343839,88230,3180,1.646310164,530.409393,35.28385,0.603436,81,4,3
381,38.723534,-101.66981,0.542179891,0.035233457,0.358063592,48120,12120,1.557416968,507.067839,33.04841,0.535988,72,34,2
382,38.72786,-101.683835,0.387189224,0.001647919,0.486494232,33150,1140,1.660847125,192.839039,34.82418,0.51287,79,16,5
